{
  "project_info": {
    "project_number": "708987127075",
    "project_id": "notesapptutorial",
    "storage_bucket": "notesapptutorial.appspot.com"
  },
  "client": [
    {
      "client_info": {
        "mobilesdk_app_id": "1:708987127075:android:571dbeb273af4f1310b896",
        "android_client_info": {
          "package_name": "com.example.notesapptutorial"
        }
      },
      "oauth_client": [
        {
          "client_id": "708987127075-l4mprmgitjnftm0i1mep3ap9gb14haid.apps.googleusercontent.com",
          "client_type": 3
        }
      ],
      "api_key": [
        {
          "current_key": "AIzaSyDP0xZpbz8k1QjFu1UdqG2_cvJLH_Aen_0"
        }
      ],
      "services": {
        "appinvite_service": {
          "other_platform_oauth_client": [
            {
              "client_id": "708987127075-l4mprmgitjnftm0i1mep3ap9gb14haid.apps.googleusercontent.com",
              "client_type": 3
            }
          ]
        }
      }
    }
  ],
  "configuration_version": "1"
}